Disaster_ID,Disaster_Type,Country,Region,Disaster_Date,Year,Quarter,Month,Month_Num,Severity_Level,Casualties,Economic_Loss_Million_USD,Response_Time_Hours,Aid_Amount_Million_USD,Recovery_Duration_Days,Efficiency_Score,Area_Affected_SqKm,People_Displaced,Response_Agency
DIS0255,Wildfire,Philippines,Asia-Pacific,2018-01-09,2018,Q1,January,1,4.7,2196,351.41,97,321.26,66,83.9,532,34593,Local Emergency Services
DIS0059,Drought,Norway,Europe,2018-01-11,2018,Q1,January,1,5.4,2043,323.7,127,353.63,113,85.8,1077,33593,Local Emergency Services
DIS0471,Hurricane,Peru,Americas,2018-01-13,2018,Q1,January,1,2.6,3720,504.28,30,219.56,50,100.0,1101,61184,Local Emergency Services
DIS0140,Drought,Australia,Asia-Pacific,2018-01-13,2018,Q1,January,1,7.7,3577,240.12,18,246.21,89,100.0,3801,43213,National Disaster Agency
DIS0416,Cyclone,Syria,Middle East,2018-01-21,2018,Q1,January,1,3.3,1298,462.07,131,169.07,86,73.9,1350,22480,Military Forces
DIS0319,Hurricane,Mexico,Americas,2018-03-02,2018,Q1,March,3,3.0,2744,739.29,129,718.38,76,89.7,595,48440,WHO
DIS0499,Earthquake,Ecuador,Americas,2018-03-16,2018,Q1,March,3,6.4,5654,299.77,130,136.54,92,74.5,2098,38505,UNICEF
DIS0404,Landslide,Indonesia,Asia-Pacific,2018-03-20,2018,Q1,March,3,4.9,1650,81.34,168,67.85,90,63.5,922,27894,Military Forces
DIS0207,Industrial Accident,Yemen,Middle East,2018-03-21,2018,Q1,March,3,6.9,1660,293.11,126,218.32,149,77.6,1184,8948,UNICEF
DIS0342,Landslide,Portugal,Europe,2018-04-04,2018,Q2,April,4,4.3,1359,65.11,135,113.36,105,90.3,2135,20964,Red Cross
DIS0418,Cyclone,Egypt,Africa,2018-04-10,2018,Q2,April,4,4.9,4569,789.54,105,364.75,133,84.5,1797,22938,UN OCHA
DIS0031,Hurricane,Chile,Americas,2018-04-11,2018,Q2,April,4,1.2,2340,196.62,163,142.39,66,69.7,275,16879,Red Cross
DIS0428,Flood,Afghanistan,Middle East,2018-04-13,2018,Q2,April,4,5.0,3544,430.42,83,208.79,136,88.4,1391,52127,National Disaster Agency
DIS0350,Wildfire,Yemen,Middle East,2018-04-17,2018,Q2,April,4,4.8,2129,160.36,156,149.01,127,70.5,1076,25777,WHO
DIS0312,Earthquake,Zimbabwe,Africa,2018-04-18,2018,Q2,April,4,8.1,11752,307.73,160,184.68,189,78.6,1532,102371,National Disaster Agency
DIS0435,Wildfire,Lebanon,Middle East,2018-04-20,2018,Q2,April,4,7.0,1101,809.22,164,553.89,170,79.1,1664,13628,UNICEF
DIS0376,Landslide,Portugal,Europe,2018-05-04,2018,Q2,May,5,3.3,661,81.83,45,69.38,57,100.0,919,7327,UN OCHA
DIS0039,Earthquake,Mexico,Americas,2018-05-08,2018,Q2,May,5,8.8,6419,903.47,63,405.59,179,93.0,1303,99442,FEMA
DIS0414,Hurricane,Canada,Americas,2018-05-12,2018,Q2,May,5,3.8,1349,295.55,121,213.7,68,78.9,1705,18959,WHO
DIS0262,Industrial Accident,France,Europe,2018-05-13,2018,Q2,May,5,3.8,967,252.9,167,209.43,81,78.3,1555,9007,Red Cross
DIS0419,Industrial Accident,Somalia,Africa,2018-05-14,2018,Q2,May,5,3.5,1139,169.58,55,185.1,48,100.0,1333,6631,FEMA
DIS0157,Cyclone,Norway,Europe,2018-05-15,2018,Q2,May,5,2.5,3715,435.55,152,187.67,93,76.7,1169,35252,UNICEF
DIS0073,Drought,Israel,Middle East,2018-05-15,2018,Q2,May,5,7.5,2105,431.46,94,209.1,164,85.8,3675,21850,Local Emergency Services
DIS0390,Industrial Accident,South Africa,Africa,2018-05-16,2018,Q2,May,5,3.7,227,183.97,41,207.04,83,100.0,822,3384,WHO
DIS0109,Landslide,Argentina,Americas,2018-05-23,2018,Q2,May,5,3.5,705,73.78,147,45.93,68,73.3,759,8219,UN OCHA
DIS0023,Industrial Accident,Indonesia,Asia-Pacific,2018-05-28,2018,Q2,May,5,6.2,1031,244.04,12,178.48,135,100.0,2711,19056,UNICEF
DIS0027,Drought,Argentina,Americas,2018-06-06,2018,Q2,June,6,4.5,1916,143.19,132,86.14,134,71.4,314,22112,NGO Coalition
DIS0478,Industrial Accident,Spain,Europe,2018-06-18,2018,Q2,June,6,4.9,842,212.18,88,256.44,73,93.5,1414,6000,UN OCHA
DIS0108,Landslide,Somalia,Africa,2018-06-23,2018,Q2,June,6,5.9,2385,105.0,16,76.94,111,100.0,2421,36230,Red Cross
DIS0302,Industrial Accident,Iran,Middle East,2018-06-23,2018,Q2,June,6,6.2,914,268.28,149,322.16,135,92.2,2865,8412,UNICEF
DIS0285,Wildfire,Nigeria,Africa,2018-06-26,2018,Q2,June,6,3.6,1191,298.63,12,309.28,46,100.0,1674,15184,Local Emergency Services
DIS0289,Tsunami,Israel,Middle East,2018-06-27,2018,Q2,June,6,8.1,20541,1603.08,99,900.74,190,93.0,3456,280216,Local Emergency Services
DIS0003,Drought,Poland,Europe,2018-06-27,2018,Q2,June,6,7.6,3660,105.94,77,205.74,155,100.0,2354,56980,Red Cross
DIS0343,Industrial Accident,Egypt,Africa,2018-06-28,2018,Q2,June,6,3.3,247,204.02,160,124.96,88,80.0,263,3681,FEMA
DIS0357,Volcano,Zimbabwe,Africa,2018-06-29,2018,Q2,June,6,7.1,10306,665.55,40,320.82,93,100.0,518,99153,Military Forces
DIS0455,Cyclone,Japan,Asia-Pacific,2018-07-04,2018,Q3,July,7,2.4,2355,81.68,162,65.46,54,70.4,505,24183,UNICEF
DIS0490,Volcano,Brazil,Americas,2018-07-05,2018,Q3,July,7,4.3,5954,193.37,118,210.76,94,94.4,875,111766,WHO
DIS0067,Cyclone,Italy,Europe,2018-07-20,2018,Q3,July,7,4.7,6573,687.9,60,519.37,81,99.8,1548,99689,WHO
DIS0084,Cyclone,Brazil,Americas,2018-07-23,2018,Q3,July,7,4.0,2850,411.4,115,269.54,73,82.7,821,18990,Military Forces
DIS0247,Landslide,Germany,Europe,2018-07-25,2018,Q3,July,7,3.4,289,134.16,94,157.88,67,100.0,315,4731,Red Cross
DIS0391,Tsunami,Argentina,Americas,2018-08-11,2018,Q3,August,8,7.9,31018,398.99,120,300.36,135,87.6,3069,402855,Local Emergency Services
DIS0395,Flood,Thailand,Asia-Pacific,2018-08-21,2018,Q3,August,8,7.7,6838,664.41,165,305.33,219,59.3,2480,72752,WHO
DIS0229,Wildfire,Chile,Americas,2018-08-25,2018,Q3,August,8,4.2,1364,379.95,72,241.72,83,90.3,1954,20756,UNICEF
DIS0192,Wildfire,United Kingdom,Europe,2018-08-26,2018,Q3,August,8,4.2,1978,274.42,157,119.36,117,72.3,541,10265,WHO
DIS0180,Volcano,Indonesia,Asia-Pacific,2018-08-31,2018,Q3,August,8,8.0,10625,631.0,35,355.8,161,100.0,3141,160899,Military Forces
DIS0118,Flood,Portugal,Europe,2018-09-03,2018,Q3,September,9,3.8,2682,115.15,157,73.82,124,68.6,1879,27304,Local Emergency Services
DIS0327,Tsunami,Yemen,Middle East,2018-09-17,2018,Q3,September,9,8.0,24067,623.79,129,595.24,120,79.3,1875,236587,UN OCHA
DIS0405,Cyclone,Syria,Middle East,2018-09-19,2018,Q3,September,9,4.5,2090,536.61,159,270.91,135,68.2,1868,41241,Local Emergency Services
DIS0194,Industrial Accident,Mozambique,Africa,2018-09-19,2018,Q3,September,9,3.3,784,143.58,132,108.16,84,81.2,711,6920,UN OCHA
DIS0170,Tsunami,Madagascar,Africa,2018-10-03,2018,Q4,October,10,6.4,26671,284.91,89,284.4,142,87.1,3153,230936,WHO
DIS0090,Landslide,Spain,Europe,2018-10-07,2018,Q4,October,10,4.9,1422,145.42,92,147.12,87,92.3,370,24850,UN OCHA
DIS0020,Tsunami,Spain,Europe,2018-10-09,2018,Q4,October,10,9.0,20094,1148.73,141,959.51,195,88.7,3098,102827,NGO Coalition
DIS0379,Volcano,Haiti,Americas,2018-10-13,2018,Q4,October,10,6.4,7231,295.35,167,294.69,101,81.5,2875,134126,Red Cross
DIS0276,Cyclone,Bangladesh,Asia-Pacific,2018-10-13,2018,Q4,October,10,4.7,3648,372.48,80,334.03,71,95.7,1943,70697,WHO
DIS0310,Volcano,UAE,Middle East,2018-10-20,2018,Q4,October,10,4.3,2945,194.48,76,203.7,95,95.5,1932,49224,FEMA
DIS0320,Volcano,Bangladesh,Asia-Pacific,2018-10-20,2018,Q4,October,10,6.2,2758,551.86,5,252.22,123,100.0,2461,32115,Red Cross
DIS0270,Volcano,Ecuador,Americas,2018-10-23,2018,Q4,October,10,7.0,3050,561.58,11,247.32,79,100.0,2107,41554,UNICEF
DIS0190,Landslide,Syria,Middle East,2018-10-26,2018,Q4,October,10,3.1,376,48.33,17,95.9,50,100.0,1149,6206,Local Emergency Services
DIS0015,Wildfire,Portugal,Europe,2018-11-05,2018,Q4,November,11,5.2,2745,154.91,168,232.91,154,89.4,2427,48670,WHO
DIS0438,Industrial Accident,Germany,Europe,2018-11-11,2018,Q4,November,11,4.6,1000,277.35,155,277.6,114,85.6,1941,15274,National Disaster Agency
DIS0214,Tsunami,South Africa,Africa,2018-11-15,2018,Q4,November,11,6.1,30098,1020.15,24,905.72,119,100.0,1226,155634,UNICEF
DIS0386,Industrial Accident,Portugal,Europe,2018-11-17,2018,Q4,November,11,4.6,906,193.33,21,202.71,83,100.0,1498,16809,NGO Coalition
DIS0107,Volcano,Greece,Europe,2018-11-20,2018,Q4,November,11,5.7,8597,371.81,84,175.65,99,83.0,1428,135531,WHO
DIS0130,Drought,Italy,Europe,2018-11-20,2018,Q4,November,11,5.7,2339,269.99,56,161.75,109,100.0,2070,16511,UNICEF
DIS0359,Landslide,Sudan,Africa,2018-11-22,2018,Q4,November,11,5.4,714,96.82,162,129.96,156,72.4,630,10566,Red Cross
DIS0464,Earthquake,Nigeria,Africa,2018-12-10,2018,Q4,December,12,6.3,5984,866.7,106,831.95,144,96.9,1440,105301,WHO
DIS0080,Flood,Kenya,Africa,2018-12-16,2018,Q4,December,12,3.5,1177,265.59,144,112.75,120,73.3,1230,13137,Local Emergency Services
DIS0433,Cyclone,Argentina,Americas,2018-12-19,2018,Q4,December,12,2.4,2061,427.19,18,408.61,46,100.0,127,30053,National Disaster Agency
DIS0415,Wildfire,Jordan,Middle East,2018-12-21,2018,Q4,December,12,5.1,1597,403.71,120,236.42,130,84.9,821,15825,UNICEF
DIS0296,Hurricane,United States,Americas,2018-12-22,2018,Q4,December,12,5.0,8322,1087.08,105,773.56,107,90.4,404,52865,National Disaster Agency
DIS0253,Landslide,Egypt,Africa,2018-12-27,2018,Q4,December,12,6.4,1253,283.36,6,148.74,100,100.0,320,7973,National Disaster Agency
DIS0246,Earthquake,United States,Americas,2018-12-31,2018,Q4,December,12,8.6,18787,375.33,25,420.19,102,100.0,3931,275512,Military Forces
DIS0338,Industrial Accident,UAE,Middle East,2019-01-04,2019,Q1,January,1,3.1,593,67.43,88,45.24,75,80.1,711,3721,NGO Coalition
DIS0070,Tsunami,Zimbabwe,Africa,2019-01-05,2019,Q1,January,1,8.6,6135,556.57,96,512.69,184,92.7,3612,117205,UN OCHA
DIS0099,Volcano,Syria,Middle East,2019-01-11,2019,Q1,January,1,7.8,4051,740.26,8,491.99,120,100.0,1745,25213,UNICEF
DIS0083,Earthquake,Indonesia,Asia-Pacific,2019-01-11,2019,Q1,January,1,8.0,6515,653.65,42,424.75,164,100.0,2443,40877,Red Cross
DIS0045,Earthquake,Madagascar,Africa,2019-01-17,2019,Q1,January,1,6.2,7525,392.31,150,269.21,141,71.5,3090,99750,FEMA
DIS0116,Industrial Accident,Poland,Europe,2019-01-18,2019,Q1,January,1,4.5,795,99.62,161,138.87,119,88.5,1366,13815,Red Cross
DIS0093,Tsunami,Greece,Europe,2019-01-23,2019,Q1,January,1,7.5,17414,1385.6,156,1265.28,140,78.2,852,178446,Local Emergency Services
DIS0336,Cyclone,Peru,Americas,2019-01-26,2019,Q1,January,1,3.8,3045,331.48,16,347.63,58,100.0,932,57713,UN OCHA
DIS0269,Flood,Norway,Europe,2019-01-29,2019,Q1,January,1,3.8,5017,208.96,162,96.68,112,73.8,1669,57008,UN OCHA
DIS0072,Flood,Portugal,Europe,2019-02-03,2019,Q1,February,2,4.2,3410,205.9,140,159.87,119,71.4,994,22114,Military Forces
DIS0168,Earthquake,Kenya,Africa,2019-02-08,2019,Q1,February,2,6.0,8971,568.5,149,297.86,120,71.6,2134,137763,WHO
DIS0225,Cyclone,UAE,Middle East,2019-02-15,2019,Q1,February,2,4.8,5170,709.74,139,667.22,141,76.3,1654,70210,Military Forces
DIS0470,Volcano,Somalia,Africa,2019-02-16,2019,Q1,February,2,7.3,8462,170.14,109,209.05,178,97.2,1853,45781,Red Cross
DIS0041,Wildfire,Thailand,Asia-Pacific,2019-02-22,2019,Q1,February,2,6.5,1275,647.55,146,598.39,125,77.7,1408,16051,FEMA
DIS0161,Volcano,Jordan,Middle East,2019-02-28,2019,Q1,February,2,4.1,2648,285.9,85,301.03,56,93.8,1642,42030,NGO Coalition
DIS0258,Hurricane,Syria,Middle East,2019-03-01,2019,Q1,March,3,2.5,3471,440.07,100,270.13,69,89.2,404,38070,FEMA
DIS0104,Wildfire,China,Asia-Pacific,2019-03-01,2019,Q1,March,3,6.9,2886,230.05,92,230.99,165,86.7,2764,34543,Military Forces
DIS0169,Landslide,Italy,Europe,2019-03-05,2019,Q1,March,3,4.2,1451,49.78,38,68.09,69,100.0,1194,14835,UN OCHA
DIS0042,Landslide,Australia,Asia-Pacific,2019-03-09,2019,Q1,March,3,4.7,1143,159.91,113,103.01,105,85.8,1537,21481,Military Forces
DIS0009,Industrial Accident,Syria,Middle East,2019-03-12,2019,Q1,March,3,6.4,1031,323.59,41,236.79,86,100.0,2976,19359,FEMA
DIS0324,Industrial Accident,Spain,Europe,2019-03-16,2019,Q1,March,3,2.6,682,160.64,90,166.56,60,88.0,936,7074,WHO
DIS0489,Industrial Accident,Japan,Asia-Pacific,2019-03-17,2019,Q1,March,3,4.6,930,247.5,147,267.42,98,82.9,1821,4876,Military Forces
DIS0250,Landslide,Peru,Americas,2019-04-08,2019,Q2,April,4,6.6,1220,114.25,82,75.7,161,90.9,2538,19345,UNICEF
DIS0249,Hurricane,Sudan,Africa,2019-04-09,2019,Q2,April,4,1.5,2340,113.89,153,84.84,62,73.5,487,39048,Red Cross
DIS0268,Volcano,China,Asia-Pacific,2019-04-10,2019,Q2,April,4,5.5,5101,108.14,134,173.04,110,94.2,1377,28860,UNICEF
DIS0008,Earthquake,Norway,Europe,2019-04-15,2019,Q2,April,4,7.7,11579,932.28,89,398.59,140,84.3,3689,210017,National Disaster Agency
DIS0040,Cyclone,Argentina,Americas,2019-04-15,2019,Q2,April,4,4.3,2205,198.72,8,244.1,76,100.0,941,42164,UNICEF
DIS0364,Earthquake,France,Europe,2019-04-30,2019,Q2,April,4,5.1,8567,597.64,55,545.54,131,98.9,1021,114851,UNICEF
DIS0443,Landslide,Iran,Middle East,2019-05-03,2019,Q2,May,5,6.6,599,214.73,26,266.78,149,100.0,3006,4655,FEMA
DIS0012,Landslide,Zimbabwe,Africa,2019-05-11,2019,Q2,May,5,4.0,185,118.25,60,129.47,51,100.0,305,1112,Red Cross
DIS0400,Landslide,Australia,Asia-Pacific,2019-05-12,2019,Q2,May,5,5.3,2140,106.02,79,114.57,115,100.0,481,27861,FEMA
DIS0213,Drought,Mozambique,Africa,2019-06-06,2019,Q2,June,6,4.9,932,144.94,147,77.6,123,81.5,2378,7748,UN OCHA
DIS0241,Drought,Canada,Americas,2019-06-13,2019,Q2,June,6,4.5,2112,82.58,13,82.65,65,100.0,1432,21262,WHO
DIS0328,Earthquake,Iraq,Middle East,2019-06-16,2019,Q2,June,6,5.7,2111,488.33,27,192.2,110,97.2,1541,30313,National Disaster Agency
DIS0358,Flood,Spain,Europe,2019-06-23,2019,Q2,June,6,7.8,1359,124.14,129,227.82,163,79.4,3488,11644,Military Forces
DIS0185,Flood,Peru,Americas,2019-06-28,2019,Q2,June,6,6.0,4683,94.18,89,169.26,161,97.3,656,28390,Local Emergency Services
DIS0472,Landslide,Portugal,Europe,2019-07-01,2019,Q3,July,7,4.0,1322,149.93,52,80.62,70,93.6,879,23161,UNICEF
DIS0259,Hurricane,Portugal,Europe,2019-07-20,2019,Q3,July,7,2.7,4398,336.77,142,319.03,88,89.1,903,35242,National Disaster Agency
DIS0370,Tsunami,Afghanistan,Middle East,2019-08-10,2019,Q3,August,8,8.5,9202,1490.42,35,702.54,98,96.5,3732,61998,National Disaster Agency
DIS0392,Drought,Madagascar,Africa,2019-08-18,2019,Q3,August,8,6.7,2720,377.62,116,270.75,118,83.7,3216,17572,NGO Coalition
DIS0348,Volcano,Syria,Middle East,2019-08-18,2019,Q3,August,8,6.6,6169,298.85,144,267.03,164,72.8,2823,44310,Red Cross
DIS0429,Cyclone,Mozambique,Africa,2019-08-26,2019,Q3,August,8,4.4,6212,355.53,30,327.76,102,99.5,1310,59767,Local Emergency Services
DIS0101,Wildfire,Bangladesh,Asia-Pacific,2019-09-05,2019,Q3,September,9,5.7,2605,355.26,75,207.69,80,85.7,1923,37361,UN OCHA
DIS0198,Wildfire,Ecuador,Americas,2019-09-09,2019,Q3,September,9,3.0,859,222.46,164,227.03,110,85.3,151,12764,National Disaster Agency
DIS0480,Landslide,Canada,Americas,2019-09-12,2019,Q3,September,9,5.2,2167,49.38,40,51.04,73,100.0,642,26019,UN OCHA
DIS0187,Wildfire,Somalia,Africa,2019-09-13,2019,Q3,September,9,7.6,2869,805.57,24,802.4,96,100.0,2876,29473,Local Emergency Services
DIS0399,Drought,Australia,Asia-Pacific,2019-09-13,2019,Q3,September,9,7.5,5640,76.39,127,132.86,142,94.3,3116,34130,UNICEF
DIS0347,Cyclone,Ethiopia,Africa,2019-09-18,2019,Q3,September,9,3.3,2517,321.34,35,164.25,46,100.0,1353,45151,National Disaster Agency
DIS0160,Volcano,Spain,Europe,2019-09-24,2019,Q3,September,9,7.0,4195,178.56,80,180.57,159,88.2,624,48094,NGO Coalition
DIS0326,Industrial Accident,Mexico,Americas,2019-09-27,2019,Q3,September,9,4.2,1337,148.87,2,178.27,70,100.0,1878,19113,FEMA
DIS0143,Tsunami,Peru,Americas,2019-09-28,2019,Q3,September,9,6.2,29307,287.95,109,275.58,167,96.2,981,176116,Red Cross
DIS0341,Tsunami,Chile,Americas,2019-10-01,2019,Q4,October,10,8.4,36573,1578.5,64,1518.35,200,100.0,3520,190399,UN OCHA
DIS0057,Wildfire,Thailand,Asia-Pacific,2019-10-11,2019,Q4,October,10,4.6,620,134.88,31,130.88,59,100.0,1261,9764,NGO Coalition
DIS0025,Drought,Ethiopia,Africa,2019-10-15,2019,Q4,October,10,7.9,1213,418.14,58,241.83,187,91.9,3312,21918,UNICEF
DIS0096,Hurricane,Israel,Middle East,2019-10-27,2019,Q4,October,10,1.7,2549,391.5,13,232.54,35,100.0,424,23639,Military Forces
DIS0216,Wildfire,Egypt,Africa,2019-10-29,2019,Q4,October,10,5.3,2115,262.3,83,168.19,75,86.7,2382,15679,UN OCHA
DIS0356,Tsunami,Bangladesh,Asia-Pacific,2019-11-03,2019,Q4,November,11,8.2,9393,1486.21,164,854.42,175,67.3,3329,119056,WHO
DIS0069,Drought,Jordan,Middle East,2019-11-05,2019,Q4,November,11,5.3,3754,309.36,77,310.66,92,89.0,2561,26696,UNICEF
DIS0252,Landslide,Lebanon,Middle East,2019-11-09,2019,Q4,November,11,3.3,829,65.7,73,43.49,56,95.4,763,7067,Military Forces
DIS0388,Cyclone,Nepal,Asia-Pacific,2019-11-24,2019,Q4,November,11,3.7,4714,559.94,161,200.57,96,59.6,312,78989,National Disaster Agency
DIS0162,Industrial Accident,Argentina,Americas,2019-11-26,2019,Q4,November,11,5.4,538,169.13,128,107.4,89,74.6,998,9006,FEMA
DIS0126,Landslide,Thailand,Asia-Pacific,2019-11-30,2019,Q4,November,11,5.1,1732,66.51,64,53.74,131,89.1,298,16809,WHO
DIS0092,Industrial Accident,Greece,Europe,2019-12-08,2019,Q4,December,12,2.2,757,99.56,158,56.74,65,66.6,514,7627,Red Cross
DIS0209,Tsunami,Israel,Middle East,2019-12-13,2019,Q4,December,12,5.8,18868,1292.22,9,1016.84,87,100.0,660,362747,Military Forces
DIS0369,Drought,Ecuador,Americas,2019-12-18,2019,Q4,December,12,4.6,2903,256.07,115,210.09,124,93.0,548,29325,Military Forces
DIS0054,Earthquake,Poland,Europe,2019-12-19,2019,Q4,December,12,6.9,12143,329.03,151,262.25,182,85.4,1804,135093,FEMA
DIS0032,Wildfire,Australia,Asia-Pacific,2019-12-22,2019,Q4,December,12,7.0,2938,175.15,65,268.03,94,97.2,1813,38096,NGO Coalition
DIS0239,Tsunami,Nepal,Asia-Pacific,2019-12-26,2019,Q4,December,12,6.4,5835,606.12,45,474.07,87,100.0,2565,40501,Local Emergency Services
DIS0453,Earthquake,Nigeria,Africa,2019-12-26,2019,Q4,December,12,7.2,15998,976.23,44,666.41,94,100.0,1939,106238,Military Forces
DIS0485,Drought,Australia,Asia-Pacific,2019-12-31,2019,Q4,December,12,5.2,3421,75.19,55,71.28,118,96.8,2020,50668,UN OCHA
DIS0423,Volcano,Philippines,Asia-Pacific,2020-01-03,2020,Q1,January,1,5.2,7513,165.97,30,193.91,92,100.0,1478,108255,National Disaster Agency
DIS0292,Landslide,Jordan,Middle East,2020-01-03,2020,Q1,January,1,4.5,1185,200.56,149,147.2,124,80.2,1956,17643,UNICEF
DIS0451,Earthquake,Nepal,Asia-Pacific,2020-01-04,2020,Q1,January,1,6.5,11718,408.49,161,192.67,99,73.8,2570,197928,UNICEF
DIS0154,Volcano,Pakistan,Asia-Pacific,2020-01-05,2020,Q1,January,1,4.4,1403,169.77,160,158.75,134,71.3,1005,14865,Local Emergency Services
DIS0152,Landslide,Ecuador,Americas,2020-01-24,2020,Q1,January,1,6.7,1460,181.89,21,273.91,129,100.0,1578,25751,UNICEF
DIS0133,Landslide,Australia,Asia-Pacific,2020-02-03,2020,Q1,February,2,6.7,2624,270.53,4,193.78,119,100.0,1345,31003,NGO Coalition
DIS0284,Hurricane,France,Europe,2020-02-05,2020,Q1,February,2,1.6,2100,344.44,108,296.15,59,86.8,424,17137,WHO
DIS0242,Tsunami,Portugal,Europe,2020-02-11,2020,Q1,February,2,5.7,26477,249.8,59,267.87,78,100.0,1797,199498,FEMA
DIS0234,Drought,Germany,Europe,2020-02-11,2020,Q1,February,2,4.7,2755,236.28,155,179.16,98,67.3,288,34328,National Disaster Agency
DIS0120,Tsunami,Poland,Europe,2020-02-17,2020,Q1,February,2,8.4,23882,1120.25,80,770.92,110,89.1,2148,205646,FEMA
DIS0402,Earthquake,Brazil,Americas,2020-03-01,2020,Q1,March,3,5.1,12853,439.39,18,419.93,97,100.0,2469,220771,Red Cross
DIS0047,Flood,Afghanistan,Middle East,2020-03-06,2020,Q1,March,3,4.5,2670,72.28,138,61.01,70,70.9,816,51160,Military Forces
DIS0256,Cyclone,Bangladesh,Asia-Pacific,2020-03-13,2020,Q1,March,3,2.6,4572,162.08,50,156.29,38,100.0,1214,80293,UN OCHA
DIS0306,Volcano,Israel,Middle East,2020-03-14,2020,Q1,March,3,4.6,6704,270.88,4,147.32,76,100.0,1988,85510,FEMA
DIS0089,Drought,Indonesia,Asia-Pacific,2020-03-19,2020,Q1,March,3,4.9,912,92.4,162,113.57,139,85.1,1234,17202,FEMA
DIS0322,Drought,Portugal,Europe,2020-03-24,2020,Q1,March,3,5.8,844,340.25,62,310.13,95,92.3,1010,5734,UNICEF
DIS0066,Drought,Portugal,Europe,2020-03-26,2020,Q1,March,3,9.0,5887,196.74,148,194.16,155,83.6,538,102731,Local Emergency Services
DIS0245,Cyclone,Ethiopia,Africa,2020-03-29,2020,Q1,March,3,4.3,6515,359.86,106,212.77,63,83.6,616,123764,FEMA
DIS0164,Cyclone,Turkey,Europe,2020-04-02,2020,Q2,April,4,3.4,1951,596.05,76,492.01,80,100.0,1366,19292,National Disaster Agency
DIS0295,Earthquake,Madagascar,Africa,2020-04-06,2020,Q2,April,4,8.4,20150,510.31,10,522.55,141,100.0,2745,304473,FEMA
DIS0401,Drought,Nepal,Asia-Pacific,2020-04-11,2020,Q2,April,4,4.9,861,210.88,78,221.63,127,99.8,1037,5400,Military Forces
DIS0150,Tsunami,Nepal,Asia-Pacific,2020-04-12,2020,Q2,April,4,6.7,16698,1425.87,39,483.14,124,97.5,2505,157426,UNICEF
DIS0149,Cyclone,Ethiopia,Africa,2020-04-17,2020,Q2,April,4,3.2,2080,468.25,99,308.57,83,82.5,677,37943,Military Forces
DIS0139,Flood,Lebanon,Middle East,2020-04-21,2020,Q2,April,4,6.6,4960,319.51,16,258.29,113,100.0,501,59200,National Disaster Agency
DIS0172,Wildfire,Nigeria,Africa,2020-04-22,2020,Q2,April,4,4.4,1590,342.03,139,177.25,91,73.8,739,28523,NGO Coalition
DIS0179,Hurricane,Argentina,Americas,2020-04-26,2020,Q2,April,4,4.3,7610,592.13,73,446.29,66,100.0,781,103427,NGO Coalition
DIS0219,Earthquake,Mexico,Americas,2020-04-27,2020,Q2,April,4,5.7,5352,479.92,31,288.06,93,100.0,1980,34076,NGO Coalition
DIS0498,Cyclone,South Africa,Africa,2020-04-28,2020,Q2,April,4,2.8,4212,138.22,53,76.48,58,100.0,1328,52253,UNICEF
DIS0410,Landslide,Yemen,Middle East,2020-05-02,2020,Q2,May,5,4.1,498,136.11,123,130.54,72,93.6,304,5210,UNICEF
DIS0421,Cyclone,Nepal,Asia-Pacific,2020-05-09,2020,Q2,May,5,4.3,6169,356.5,70,266.45,82,85.6,936,72708,NGO Coalition
DIS0274,Drought,Iraq,Middle East,2020-05-10,2020,Q2,May,5,7.7,5536,158.52,167,253.41,122,73.9,2522,48667,UN OCHA
DIS0304,Earthquake,Italy,Europe,2020-05-13,2020,Q2,May,5,6.5,3660,660.38,68,325.87,101,86.6,3128,37135,WHO
DIS0482,Cyclone,Poland,Europe,2020-05-19,2020,Q2,May,5,3.8,6921,551.1,48,344.81,51,100.0,1347,126727,Red Cross
DIS0030,Landslide,Madagascar,Africa,2020-05-25,2020,Q2,May,5,5.0,1607,161.03,74,159.04,109,93.9,2091,26141,National Disaster Agency
DIS0016,Landslide,Madagascar,Africa,2020-05-25,2020,Q2,May,5,6.5,2296,141.12,101,124.48,157,88.3,1562,44450,NGO Coalition
DIS0231,Cyclone,Indonesia,Asia-Pacific,2020-05-27,2020,Q2,May,5,4.6,5663,323.67,106,252.71,126,95.8,1642,68587,WHO
DIS0293,Flood,South Africa,Africa,2020-05-28,2020,Q2,May,5,5.5,6043,335.79,15,176.73,126,94.4,500,43388,Local Emergency Services
DIS0079,Industrial Accident,Philippines,Asia-Pacific,2020-05-30,2020,Q2,May,5,4.2,1269,141.47,118,121.58,112,81.0,800,11196,WHO
DIS0267,Drought,Turkey,Europe,2020-06-13,2020,Q2,June,6,8.8,4768,526.52,168,214.47,206,65.0,4021,67731,UNICEF
DIS0153,Earthquake,Indonesia,Asia-Pacific,2020-06-14,2020,Q2,June,6,7.0,8241,751.87,6,271.1,121,94.2,2017,75167,National Disaster Agency
DIS0281,Earthquake,Somalia,Africa,2020-06-15,2020,Q2,June,6,8.0,6648,569.44,12,511.45,136,100.0,1797,124773,Red Cross
DIS0085,Earthquake,Afghanistan,Middle East,2020-06-22,2020,Q2,June,6,6.6,10589,333.65,56,354.08,145,98.4,686,131947,Local Emergency Services
DIS0277,Wildfire,China,Asia-Pacific,2020-06-26,2020,Q2,June,6,6.6,2439,686.47,36,579.27,102,100.0,1652,40539,Military Forces
DIS0294,Drought,Philippines,Asia-Pacific,2020-06-27,2020,Q2,June,6,5.9,3195,333.55,104,301.81,123,93.0,1881,61298,WHO
DIS0204,Earthquake,Japan,Asia-Pacific,2020-06-29,2020,Q2,June,6,5.5,11897,609.32,167,252.07,137,74.8,460,237433,UNICEF
DIS0232,Earthquake,Argentina,Americas,2020-07-05,2020,Q3,July,7,6.0,12639,684.56,166,374.3,176,75.7,1539,104564,National Disaster Agency
DIS0052,Industrial Accident,Kenya,Africa,2020-07-09,2020,Q3,July,7,5.2,1240,88.21,44,149.07,102,100.0,2415,14368,Military Forces
DIS0131,Industrial Accident,United States,Americas,2020-07-13,2020,Q3,July,7,5.2,539,172.35,122,99.58,136,69.7,1547,10206,Local Emergency Services
DIS0155,Wildfire,Egypt,Africa,2020-07-14,2020,Q3,July,7,4.5,1891,384.18,168,358.36,79,71.6,1344,11046,Red Cross
DIS0095,Wildfire,Portugal,Europe,2020-07-16,2020,Q3,July,7,8.0,1227,835.54,27,601.92,142,100.0,2295,18317,WHO
DIS0442,Hurricane,Brazil,Americas,2020-07-17,2020,Q3,July,7,2.2,1320,343.64,30,134.37,51,100.0,152,8734,NGO Coalition
DIS0290,Landslide,Haiti,Americas,2020-08-10,2020,Q3,August,8,6.6,935,150.64,50,85.72,141,86.8,1881,11964,Local Emergency Services
DIS0004,Flood,Haiti,Americas,2020-08-11,2020,Q3,August,8,7.3,4511,457.54,95,239.96,127,88.7,2670,68807,UN OCHA
DIS0382,Earthquake,Bangladesh,Asia-Pacific,2020-08-21,2020,Q3,August,8,6.7,10934,763.61,105,474.78,139,87.6,1766,85541,Local Emergency Services
DIS0013,Industrial Accident,Greece,Europe,2020-09-01,2020,Q3,September,9,3.4,917,70.62,148,89.51,73,83.2,792,5882,Local Emergency Services
DIS0199,Industrial Accident,India,Asia-Pacific,2020-09-02,2020,Q3,September,9,4.1,1034,233.61,25,103.0,59,100.0,967,19060,Military Forces
DIS0060,Wildfire,Somalia,Africa,2020-09-05,2020,Q3,September,9,5.9,1280,143.75,123,189.28,153,88.2,2057,22158,WHO
DIS0493,Hurricane,Peru,Americas,2020-09-17,2020,Q3,September,9,2.7,4074,263.87,79,242.16,46,93.4,276,75516,Military Forces
DIS0301,Wildfire,Ethiopia,Africa,2020-09-18,2020,Q3,September,9,7.4,1224,765.86,160,469.37,190,63.5,631,23668,Military Forces
DIS0407,Landslide,Syria,Middle East,2020-09-24,2020,Q3,September,9,6.7,393,249.0,163,255.64,177,66.9,1803,2002,WHO
DIS0005,Industrial Accident,Syria,Middle East,2020-09-29,2020,Q3,September,9,2.8,787,73.43,85,104.28,78,94.3,180,7658,National Disaster Agency
DIS0144,Earthquake,Egypt,Africa,2020-09-29,2020,Q3,September,9,8.0,9618,739.76,16,345.58,184,97.9,3699,131205,FEMA
DIS0373,Cyclone,Haiti,Americas,2020-09-29,2020,Q3,September,9,2.5,1969,277.72,14,123.89,43,100.0,244,11433,Local Emergency Services
DIS0001,Drought,Japan,Asia-Pacific,2020-09-30,2020,Q3,September,9,5.1,3395,73.17,110,55.89,77,79.9,1636,45556,NGO Coalition
DIS0098,Hurricane,Argentina,Americas,2020-10-21,2020,Q4,October,10,1.2,1583,226.36,28,181.97,26,97.9,105,11721,Military Forces
DIS0046,Drought,Mozambique,Africa,2020-10-26,2020,Q4,October,10,5.2,3166,83.08,139,162.86,133,80.7,1988,28960,NGO Coalition
DIS0365,Drought,India,Asia-Pacific,2020-11-08,2020,Q4,November,11,8.0,2763,300.0,3,169.42,116,100.0,2448,53606,WHO
DIS0215,Tsunami,Mexico,Americas,2020-11-17,2020,Q4,November,11,8.5,31992,996.09,109,1027.86,211,89.4,1873,421985,UN OCHA
DIS0298,Industrial Accident,Greece,Europe,2020-11-21,2020,Q4,November,11,6.4,1824,180.06,115,270.98,138,98.0,2501,35419,Military Forces
DIS0363,Tsunami,Egypt,Africa,2020-11-29,2020,Q4,November,11,7.4,37099,1668.12,159,1157.92,160,75.2,2010,285610,UNICEF
DIS0437,Earthquake,UAE,Middle East,2020-11-29,2020,Q4,November,11,5.7,2670,470.99,36,300.94,69,98.2,1916,51604,Red Cross
DIS0315,Volcano,Turkey,Europe,2020-11-30,2020,Q4,November,11,4.6,1327,408.69,36,253.51,82,90.9,2138,25484,Military Forces
DIS0178,Landslide,Italy,Europe,2020-12-12,2020,Q4,December,12,4.4,1732,175.77,32,201.88,64,100.0,1384,17769,Local Emergency Services
DIS0021,Hurricane,Greece,Europe,2020-12-19,2020,Q4,December,12,1.5,1108,133.29,74,108.24,48,88.6,503,9927,Military Forces
DIS0117,Cyclone,Japan,Asia-Pacific,2020-12-20,2020,Q4,December,12,4.0,5890,490.87,9,341.85,74,100.0,1921,72118,Local Emergency Services
DIS0335,Hurricane,Spain,Europe,2020-12-21,2020,Q4,December,12,2.5,3299,285.15,78,119.03,54,96.0,951,52301,Military Forces
DIS0043,Cyclone,Sudan,Africa,2021-01-04,2021,Q1,January,1,3.0,1752,215.52,117,122.97,74,82.9,661,9514,FEMA
DIS0201,Landslide,Turkey,Europe,2021-01-18,2021,Q1,January,1,3.9,1428,143.32,151,80.87,70,71.5,746,9726,FEMA
DIS0393,Cyclone,United Kingdom,Europe,2021-01-21,2021,Q1,January,1,3.0,1863,204.9,151,141.64,100,79.4,1141,25766,UNICEF
DIS0034,Wildfire,Lebanon,Middle East,2021-01-29,2021,Q1,January,1,5.2,2084,245.29,83,291.94,72,91.1,1156,15196,UNICEF
DIS0389,Drought,Argentina,Americas,2021-02-01,2021,Q1,February,2,8.3,838,333.59,153,371.39,191,77.7,1070,14026,UNICEF
DIS0188,Wildfire,Spain,Europe,2021-02-08,2021,Q1,February,2,6.2,1239,606.96,8,591.15,116,100.0,1754,15664,Local Emergency Services
DIS0444,Hurricane,Philippines,Asia-Pacific,2021-02-10,2021,Q1,February,2,4.8,4154,1266.17,158,606.29,121,61.5,1488,21641,UNICEF
DIS0206,Drought,Brazil,Americas,2021-02-20,2021,Q1,February,2,6.2,1317,262.66,129,211.58,136,72.6,1090,9296,UNICEF
DIS0218,Drought,Jordan,Middle East,2021-02-27,2021,Q1,February,2,5.5,1145,212.24,127,126.37,107,77.2,1004,17095,Military Forces
DIS0286,Earthquake,UAE,Middle East,2021-03-07,2021,Q1,March,3,8.8,7215,1174.03,45,582.7,145,89.6,2747,119136,NGO Coalition
DIS0048,Cyclone,Japan,Asia-Pacific,2021-03-10,2021,Q1,March,3,3.4,3108,594.4,66,572.74,70,100.0,783,18993,Red Cross
DIS0111,Cyclone,Ethiopia,Africa,2021-03-15,2021,Q1,March,3,4.1,7270,198.42,20,160.18,93,100.0,366,110714,FEMA
DIS0132,Wildfire,Madagascar,Africa,2021-03-22,2021,Q1,March,3,4.6,1574,392.06,61,300.65,104,100.0,2120,12003,WHO
DIS0063,Wildfire,Iraq,Middle East,2021-03-23,2021,Q1,March,3,8.0,3452,942.67,164,796.5,120,67.0,1478,18758,FEMA
DIS0383,Hurricane,United Kingdom,Europe,2021-03-27,2021,Q1,March,3,5.0,7133,264.5,167,112.79,140,66.4,1232,141613,UN OCHA
DIS0175,Landslide,Syria,Middle East,2021-03-29,2021,Q1,March,3,3.6,896,110.62,93,159.08,79,91.8,801,12027,Military Forces
DIS0272,Flood,Norway,Europe,2021-04-02,2021,Q2,April,4,6.9,3310,249.19,114,204.76,172,75.8,830,27466,Local Emergency Services
DIS0495,Industrial Accident,UAE,Middle East,2021-04-06,2021,Q2,April,4,2.2,684,108.77,158,131.56,93,87.9,339,4042,Red Cross
DIS0316,Volcano,Italy,Europe,2021-04-14,2021,Q2,April,4,6.4,8344,321.24,107,372.55,124,86.9,2379,122572,Local Emergency Services
DIS0264,Wildfire,Yemen,Middle East,2021-04-19,2021,Q2,April,4,5.2,2538,201.23,46,226.19,69,96.7,913,22749,WHO
DIS0396,Drought,Indonesia,Asia-Pacific,2021-04-21,2021,Q2,April,4,6.3,4823,353.65,72,365.31,137,100.0,2498,42732,UN OCHA
DIS0017,Wildfire,South Africa,Africa,2021-04-30,2021,Q2,April,4,4.1,806,106.99,82,63.18,91,89.4,1778,5933,NGO Coalition
DIS0469,Wildfire,Greece,Europe,2021-05-03,2021,Q2,May,5,4.1,2201,340.85,166,229.93,69,77.9,1723,42055,Military Forces
DIS0273,Hurricane,Afghanistan,Middle East,2021-05-05,2021,Q2,May,5,3.7,7123,1070.59,4,723.51,64,100.0,193,99364,NGO Coalition
DIS0036,Tsunami,Nigeria,Africa,2021-05-08,2021,Q2,May,5,8.4,36912,1240.21,141,1098.29,220,79.5,1451,453450,Local Emergency Services
DIS0334,Earthquake,Haiti,Americas,2021-05-15,2021,Q2,May,5,8.9,7098,246.64,72,361.57,164,100.0,2734,45528,Military Forces
DIS0377,Flood,Norway,Europe,2021-05-22,2021,Q2,May,5,5.7,3691,187.49,64,189.57,146,97.6,1158,63517,Local Emergency Services
DIS0166,Hurricane,Madagascar,Africa,2021-05-25,2021,Q2,May,5,2.0,3131,494.54,20,304.39,40,100.0,580,59026,Local Emergency Services
DIS0349,Volcano,United Kingdom,Europe,2021-05-27,2021,Q2,May,5,5.8,8372,178.62,50,107.26,82,100.0,1887,75372,UNICEF
DIS0049,Cyclone,Brazil,Americas,2021-05-29,2021,Q2,May,5,2.3,1833,332.73,157,249.08,80,79.4,508,34144,National Disaster Agency
DIS0115,Hurricane,Pakistan,Asia-Pacific,2021-05-30,2021,Q2,May,5,1.7,1503,232.06,134,222.68,73,77.5,570,19933,WHO
DIS0354,Volcano,Portugal,Europe,2021-06-01,2021,Q2,June,6,7.1,4027,386.7,158,450.15,174,87.9,1836,59162,UN OCHA
DIS0345,Industrial Accident,India,Asia-Pacific,2021-06-02,2021,Q2,June,6,3.7,491,50.5,92,63.9,70,100.0,1814,4486,Red Cross
DIS0174,Wildfire,Greece,Europe,2021-06-04,2021,Q2,June,6,3.6,851,255.9,109,215.71,88,85.2,968,11114,WHO
DIS0097,Wildfire,Ecuador,Americas,2021-06-21,2021,Q2,June,6,7.8,3257,442.92,148,533.44,158,78.5,1730,42054,WHO
DIS0094,Flood,Argentina,Americas,2021-06-22,2021,Q2,June,6,5.8,5211,440.74,136,198.24,142,74.5,337,50197,UNICEF
DIS0486,Volcano,Portugal,Europe,2021-06-24,2021,Q2,June,6,7.6,7689,575.57,96,442.07,146,96.4,2009,103385,Local Emergency Services
DIS0197,Drought,Nepal,Asia-Pacific,2021-06-26,2021,Q2,June,6,5.6,2456,159.3,76,173.17,94,100.0,1449,34077,Military Forces
DIS0441,Tsunami,Nepal,Asia-Pacific,2021-06-30,2021,Q2,June,6,8.1,10166,1765.36,154,1183.15,226,66.8,1515,164352,UN OCHA
DIS0081,Cyclone,Bangladesh,Asia-Pacific,2021-07-03,2021,Q3,July,7,3.1,3526,164.95,125,98.62,57,86.1,667,57964,UNICEF
DIS0263,Volcano,Sudan,Africa,2021-07-04,2021,Q3,July,7,7.9,2140,278.63,115,348.43,203,95.5,2697,34938,NGO Coalition
DIS0186,Flood,Philippines,Asia-Pacific,2021-07-07,2021,Q3,July,7,4.8,2591,350.45,36,305.79,98,95.9,1456,36675,WHO
DIS0394,Hurricane,Saudi Arabia,Middle East,2021-07-07,2021,Q3,July,7,3.2,4526,169.57,27,143.68,66,100.0,1204,39731,Red Cross
DIS0019,Wildfire,Germany,Europe,2021-07-10,2021,Q3,July,7,4.2,1190,276.03,20,110.02,80,100.0,398,15546,NGO Coalition
DIS0006,Cyclone,India,Asia-Pacific,2021-07-12,2021,Q3,July,7,2.6,2913,133.72,37,83.2,53,95.8,813,53795,Local Emergency Services
DIS0367,Cyclone,Afghanistan,Middle East,2021-07-16,2021,Q3,July,7,3.7,1374,491.45,92,192.1,61,90.8,749,14603,NGO Coalition
DIS0427,Earthquake,Mexico,Americas,2021-07-20,2021,Q3,July,7,7.3,9548,350.85,145,359.86,172,90.4,850,111964,WHO
DIS0114,Hurricane,Iraq,Middle East,2021-07-22,2021,Q3,July,7,3.6,4144,490.06,143,384.38,70,87.0,880,77329,Red Cross
DIS0078,Flood,Kenya,Africa,2021-08-12,2021,Q3,August,8,6.0,1514,370.94,151,308.81,116,86.4,1732,17873,Local Emergency Services
DIS0412,Cyclone,Egypt,Africa,2021-08-28,2021,Q3,August,8,3.3,4722,212.88,30,138.24,43,100.0,1456,50208,UNICEF
DIS0038,Volcano,Bangladesh,Asia-Pacific,2021-09-02,2021,Q3,September,9,4.8,3222,200.87,109,134.0,72,74.4,1405,64435,FEMA
DIS0026,Volcano,India,Asia-Pacific,2021-09-06,2021,Q3,September,9,5.1,1570,245.95,132,187.83,154,80.8,2410,10566,National Disaster Agency
DIS0075,Wildfire,Yemen,Middle East,2021-09-07,2021,Q3,September,9,6.9,2710,329.32,39,417.09,126,100.0,686,48771,WHO
DIS0248,Hurricane,Indonesia,Asia-Pacific,2021-09-08,2021,Q3,September,9,2.4,2598,647.09,25,363.93,40,94.8,552,30781,Local Emergency Services
DIS0265,Earthquake,Afghanistan,Middle East,2021-09-15,2021,Q3,September,9,6.9,16241,305.07,84,291.6,159,96.8,2962,154570,NGO Coalition
DIS0035,Volcano,Australia,Asia-Pacific,2021-09-17,2021,Q3,September,9,6.2,4629,560.34,101,576.83,133,95.3,2700,76304,Local Emergency Services
DIS0125,Tsunami,Nigeria,Africa,2021-09-18,2021,Q3,September,9,8.0,39789,812.28,163,307.23,166,76.2,3218,662185,UNICEF
DIS0237,Volcano,Haiti,Americas,2021-09-19,2021,Q3,September,9,5.5,5615,505.9,122,204.61,130,78.6,1811,67847,UNICEF
DIS0205,Flood,South Africa,Africa,2021-09-20,2021,Q3,September,9,3.6,4222,99.36,148,95.94,108,79.2,800,48130,FEMA
DIS0158,Industrial Accident,Israel,Middle East,2021-09-20,2021,Q3,September,9,3.9,731,170.82,90,82.66,81,92.6,792,12087,Local Emergency Services
DIS0106,Earthquake,Turkey,Europe,2021-09-21,2021,Q3,September,9,6.1,12904,830.73,114,797.23,116,96.7,1667,160820,NGO Coalition
DIS0477,Earthquake,Iran,Middle East,2021-09-25,2021,Q3,September,9,8.7,11885,1301.45,155,1070.79,219,65.5,2410,127336,Local Emergency Services
DIS0088,Wildfire,Turkey,Europe,2021-09-26,2021,Q3,September,9,6.9,661,504.12,51,541.66,111,100.0,2887,11386,UNICEF
DIS0371,Flood,Thailand,Asia-Pacific,2021-09-27,2021,Q3,September,9,5.3,1496,384.06,81,153.63,125,89.5,765,11980,National Disaster Agency
DIS0100,Flood,China,Asia-Pacific,2021-10-05,2021,Q4,October,10,7.0,2302,586.63,122,521.46,105,88.4,1763,11691,UN OCHA
DIS0459,Cyclone,Iraq,Middle East,2021-10-11,2021,Q4,October,10,2.8,3473,283.61,55,172.65,40,100.0,775,32988,NGO Coalition
DIS0332,Industrial Accident,Israel,Middle East,2021-10-14,2021,Q4,October,10,5.3,1134,375.48,82,303.36,144,99.5,1248,16441,FEMA
DIS0403,Earthquake,China,Asia-Pacific,2021-10-15,2021,Q4,October,10,8.2,3253,421.97,135,336.95,187,87.3,959,44534,UN OCHA
DIS0062,Drought,Nepal,Asia-Pacific,2021-10-18,2021,Q4,October,10,7.1,2483,373.38,138,272.12,128,82.4,2781,44906,Red Cross
DIS0449,Wildfire,China,Asia-Pacific,2021-10-19,2021,Q4,October,10,4.0,2038,129.1,110,153.71,76,95.9,1247,18534,Local Emergency Services
DIS0123,Tsunami,Australia,Asia-Pacific,2021-10-20,2021,Q4,October,10,7.5,16612,598.59,132,404.86,102,69.5,2783,283392,NGO Coalition
DIS0193,Landslide,Indonesia,Asia-Pacific,2021-11-21,2021,Q4,November,11,5.1,1712,70.18,34,129.11,116,100.0,525,31669,FEMA
DIS0297,Tsunami,UAE,Middle East,2021-11-24,2021,Q4,November,11,9.3,16993,1217.85,105,905.4,146,84.3,910,103415,National Disaster Agency
DIS0044,Wildfire,Peru,Americas,2021-12-24,2021,Q4,December,12,7.0,1650,529.05,134,581.3,102,89.0,1889,27014,Military Forces
DIS0500,Tsunami,Mozambique,Africa,2021-12-26,2021,Q4,December,12,8.5,34371,794.74,40,783.41,190,100.0,823,197850,Military Forces
DIS0481,Landslide,Nigeria,Africa,2021-12-31,2021,Q4,December,12,7.0,1978,181.91,39,120.46,87,100.0,919,14883,NGO Coalition
DIS0430,Landslide,Yemen,Middle East,2022-01-03,2022,Q1,January,1,3.4,313,99.89,58,129.07,82,99.5,297,5553,UN OCHA
DIS0361,Cyclone,Peru,Americas,2022-01-15,2022,Q1,January,1,4.8,1902,376.43,99,374.24,121,98.2,380,22942,UN OCHA
DIS0184,Flood,Haiti,Americas,2022-01-16,2022,Q1,January,1,4.3,2472,81.2,162,80.81,123,71.0,1483,38453,Red Cross
DIS0492,Cyclone,Poland,Europe,2022-01-17,2022,Q1,January,1,4.1,7246,617.85,24,262.48,47,92.9,234,141715,Red Cross
DIS0291,Volcano,Canada,Americas,2022-01-23,2022,Q1,January,1,4.4,3765,174.65,139,145.54,94,74.9,1567,61462,Local Emergency Services
DIS0010,Flood,Nigeria,Africa,2022-01-26,2022,Q1,January,1,7.4,8093,243.9,63,324.03,180,96.6,1988,48867,NGO Coalition
DIS0458,Drought,Argentina,Americas,2022-01-28,2022,Q1,January,1,8.8,1940,457.77,139,271.54,146,71.7,2711,33113,UN OCHA
DIS0340,Volcano,Australia,Asia-Pacific,2022-02-05,2022,Q1,February,2,5.4,3182,458.17,45,505.36,107,100.0,1344,22869,Red Cross
DIS0420,Volcano,Philippines,Asia-Pacific,2022-02-06,2022,Q1,February,2,5.9,1655,193.73,145,225.36,136,88.4,662,16589,NGO Coalition
DIS0110,Industrial Accident,Syria,Middle East,2022-02-12,2022,Q1,February,2,4.0,846,290.13,8,274.42,67,100.0,1211,7551,National Disaster Agency
DIS0483,Volcano,Greece,Europe,2022-03-11,2022,Q1,March,3,6.4,9418,198.11,22,187.88,127,100.0,2129,85136,Red Cross
DIS0064,Tsunami,Bangladesh,Asia-Pacific,2022-03-16,2022,Q1,March,3,6.9,11874,1056.98,48,480.37,86,100.0,2269,102264,WHO
DIS0220,Tsunami,South Africa,Africa,2022-04-12,2022,Q2,April,4,6.7,17330,857.25,69,431.93,105,82.4,2602,260158,UN OCHA
DIS0337,Earthquake,Argentina,Americas,2022-04-16,2022,Q2,April,4,5.2,7784,480.95,40,290.19,108,92.6,1836,155372,Military Forces
DIS0468,Industrial Accident,Haiti,Americas,2022-04-25,2022,Q2,April,4,3.5,1114,241.32,33,193.31,52,100.0,187,21624,National Disaster Agency
DIS0447,Flood,Portugal,Europe,2022-04-26,2022,Q2,April,4,4.4,3784,292.73,115,165.82,92,90.8,1067,67550,Military Forces
DIS0344,Drought,Japan,Asia-Pacific,2022-05-03,2022,Q2,May,5,5.2,1775,287.01,126,320.65,117,80.5,1431,21068,Red Cross
DIS0235,Volcano,United Kingdom,Europe,2022-05-10,2022,Q2,May,5,6.9,7037,613.42,89,552.99,107,93.0,2782,130873,FEMA
DIS0397,Volcano,Italy,Europe,2022-05-11,2022,Q2,May,5,5.3,1545,175.26,19,167.36,120,100.0,690,19128,WHO
DIS0368,Cyclone,Argentina,Americas,2022-05-15,2022,Q2,May,5,2.6,1228,353.05,82,294.03,51,84.7,1156,12984,National Disaster Agency
DIS0142,Industrial Accident,Indonesia,Asia-Pacific,2022-05-29,2022,Q2,May,5,4.6,1002,297.51,7,345.53,75,100.0,1107,10710,UNICEF
DIS0300,Flood,Haiti,Americas,2022-06-23,2022,Q2,June,6,6.4,6717,362.18,47,287.21,103,100.0,1094,129011,UNICEF
DIS0460,Volcano,France,Europe,2022-07-06,2022,Q3,July,7,5.0,4761,166.51,6,180.35,84,100.0,1373,70996,Military Forces
DIS0226,Drought,Indonesia,Asia-Pacific,2022-07-09,2022,Q3,July,7,4.7,2622,56.11,86,107.22,65,99.0,803,27758,FEMA
DIS0450,Cyclone,Portugal,Europe,2022-07-15,2022,Q3,July,7,5.0,5037,726.0,29,308.36,88,94.1,2370,27430,Red Cross
DIS0279,Cyclone,Thailand,Asia-Pacific,2022-07-18,2022,Q3,July,7,4.3,2248,484.78,141,477.4,106,84.3,502,24475,National Disaster Agency
DIS0087,Flood,Mozambique,Africa,2022-07-18,2022,Q3,July,7,3.1,1943,239.95,94,106.55,90,79.1,976,24985,Local Emergency Services
DIS0351,Earthquake,Chile,Americas,2022-08-01,2022,Q3,August,8,8.1,2873,1164.58,58,988.86,199,100.0,646,54318,Military Forces
DIS0385,Drought,Ecuador,Americas,2022-08-10,2022,Q3,August,8,8.6,3979,506.64,147,400.37,158,78.5,4151,24673,NGO Coalition
DIS0055,Tsunami,Indonesia,Asia-Pacific,2022-08-14,2022,Q3,August,8,8.1,15442,1641.98,142,580.91,116,66.5,827,256155,NGO Coalition
DIS0462,Wildfire,Greece,Europe,2022-08-17,2022,Q3,August,8,4.3,865,196.27,155,124.67,86,65.6,268,14666,National Disaster Agency
DIS0056,Landslide,Pakistan,Asia-Pacific,2022-08-20,2022,Q3,August,8,3.2,1101,99.05,15,68.83,58,100.0,790,17036,UN OCHA
DIS0362,Industrial Accident,Turkey,Europe,2022-08-22,2022,Q3,August,8,4.6,801,88.92,163,111.69,79,84.5,1481,13475,National Disaster Agency
DIS0311,Landslide,Jordan,Middle East,2022-08-23,2022,Q3,August,8,3.7,1237,128.73,66,175.21,87,95.9,462,8096,UN OCHA
DIS0181,Drought,Argentina,Americas,2022-08-24,2022,Q3,August,8,5.9,820,177.84,73,212.06,145,99.6,1590,11258,UN OCHA
DIS0408,Drought,Thailand,Asia-Pacific,2022-09-01,2022,Q3,September,9,7.5,4983,334.63,54,187.0,113,94.5,1182,37961,Red Cross
DIS0196,Wildfire,Canada,Americas,2022-09-01,2022,Q3,September,9,7.6,1504,586.37,32,443.93,171,97.3,3130,29660,Local Emergency Services
DIS0146,Tsunami,Zimbabwe,Africa,2022-09-02,2022,Q3,September,9,6.8,13140,1298.01,123,637.53,112,85.2,781,156962,Red Cross
DIS0305,Wildfire,Sudan,Africa,2022-09-13,2022,Q3,September,9,6.5,1764,311.76,48,283.98,159,100.0,2706,27892,UNICEF
DIS0141,Hurricane,South Africa,Africa,2022-09-18,2022,Q3,September,9,2.5,4880,668.51,98,377.5,72,88.4,731,72238,FEMA
DIS0029,Wildfire,Syria,Middle East,2022-09-19,2022,Q3,September,9,6.3,1506,513.77,79,347.81,151,87.4,910,25280,FEMA
DIS0244,Drought,United States,Americas,2022-09-20,2022,Q3,September,9,7.3,4024,300.32,37,246.05,166,100.0,2394,37184,UN OCHA
DIS0317,Flood,Haiti,Americas,2022-09-26,2022,Q3,September,9,6.1,4559,221.74,138,269.93,123,92.5,805,42598,Military Forces
DIS0466,Wildfire,Israel,Middle East,2022-09-29,2022,Q3,September,9,4.1,557,479.67,114,306.12,118,73.5,1189,8630,UN OCHA
DIS0223,Earthquake,Brazil,Americas,2022-10-01,2022,Q4,October,10,5.3,9661,793.19,162,349.54,133,64.4,1999,165301,UN OCHA
DIS0022,Flood,Italy,Europe,2022-10-01,2022,Q4,October,10,7.1,1650,517.12,165,585.22,116,76.5,2609,22132,UN OCHA
DIS0135,Volcano,Argentina,Americas,2022-10-18,2022,Q4,October,10,6.1,1793,205.38,37,192.0,143,95.3,1357,20979,National Disaster Agency
DIS0028,Tsunami,Yemen,Middle East,2022-11-02,2022,Q4,November,11,5.3,18908,872.54,33,716.15,81,100.0,1239,208668,National Disaster Agency
DIS0475,Hurricane,Sudan,Africa,2022-11-02,2022,Q4,November,11,4.4,5892,1019.38,50,610.16,78,90.0,794,52597,Military Forces
DIS0461,Cyclone,Norway,Europe,2022-11-12,2022,Q4,November,11,4.8,6340,520.03,95,355.75,81,92.6,1893,111976,Local Emergency Services
DIS0156,Landslide,Mexico,Americas,2022-11-13,2022,Q4,November,11,5.6,861,229.91,12,149.71,122,100.0,1708,7806,UN OCHA
DIS0463,Industrial Accident,Madagascar,Africa,2022-11-22,2022,Q4,November,11,4.1,1045,92.09,36,55.27,91,96.0,1221,15324,Red Cross
DIS0212,Hurricane,Spain,Europe,2022-11-25,2022,Q4,November,11,4.2,8333,392.91,145,341.53,134,84.3,631,115280,WHO
DIS0325,Landslide,Italy,Europe,2022-11-28,2022,Q4,November,11,5.2,1566,76.01,49,112.72,84,100.0,2290,21892,NGO Coalition
DIS0497,Tsunami,Peru,Americas,2022-11-30,2022,Q4,November,11,6.0,9647,1346.08,121,555.2,107,81.6,2891,168785,FEMA
DIS0068,Drought,Japan,Asia-Pacific,2022-12-11,2022,Q4,December,12,4.2,1423,60.93,77,71.89,81,93.4,1696,25823,FEMA
DIS0372,Tsunami,Norway,Europe,2022-12-12,2022,Q4,December,12,8.0,14458,757.82,5,803.07,138,100.0,2353,191430,National Disaster Agency
DIS0176,Volcano,Madagascar,Africa,2022-12-24,2022,Q4,December,12,6.0,1665,522.84,58,305.51,93,95.7,754,19746,Military Forces
DIS0230,Cyclone,Portugal,Europe,2023-01-02,2023,Q1,January,1,2.5,4376,281.75,90,132.07,79,90.6,899,40591,Local Emergency Services
DIS0494,Earthquake,Madagascar,Africa,2023-01-16,2023,Q1,January,1,7.3,5906,939.37,102,358.77,92,84.1,2707,116302,Military Forces
DIS0159,Drought,Italy,Europe,2023-01-20,2023,Q1,January,1,6.5,2395,205.35,151,233.54,99,83.5,2659,37593,UN OCHA
DIS0271,Volcano,United Kingdom,Europe,2023-01-22,2023,Q1,January,1,6.5,4802,335.28,32,288.89,126,100.0,2536,66191,UN OCHA
DIS0484,Cyclone,Italy,Europe,2023-01-30,2023,Q1,January,1,3.0,4491,148.19,14,162.58,44,100.0,1154,59314,Local Emergency Services
DIS0287,Tsunami,Spain,Europe,2023-02-01,2023,Q1,February,2,7.7,7239,901.61,29,327.17,135,100.0,2756,125942,UN OCHA
DIS0074,Flood,France,Europe,2023-02-06,2023,Q1,February,2,3.5,1262,65.78,87,60.58,56,94.4,283,20794,UNICEF
DIS0426,Drought,Canada,Americas,2023-02-11,2023,Q1,February,2,8.8,4449,401.2,75,236.29,124,95.1,4022,75263,WHO
DIS0254,Wildfire,Jordan,Middle East,2023-02-12,2023,Q1,February,2,7.8,1669,792.94,118,473.7,186,82.9,2905,17440,Military Forces
DIS0353,Landslide,Iraq,Middle East,2023-02-15,2023,Q1,February,2,6.3,522,169.79,103,263.34,84,93.2,2484,10147,UNICEF
DIS0352,Tsunami,Lebanon,Middle East,2023-02-18,2023,Q1,February,2,9.0,22273,1454.27,99,1196.48,158,97.6,2766,290493,Red Cross
DIS0105,Flood,Brazil,Americas,2023-02-18,2023,Q1,February,2,3.2,1293,260.59,82,279.15,72,100.0,941,11378,UNICEF
DIS0476,Cyclone,Canada,Americas,2023-02-20,2023,Q1,February,2,2.3,2374,405.17,103,321.28,71,91.5,876,20994,UN OCHA
DIS0183,Flood,Japan,Asia-Pacific,2023-02-26,2023,Q1,February,2,3.1,3695,149.1,2,188.96,48,100.0,1423,67368,National Disaster Agency
DIS0065,Drought,Peru,Americas,2023-02-26,2023,Q1,February,2,5.3,885,291.82,141,157.05,114,71.4,1666,12906,Local Emergency Services
DIS0434,Industrial Accident,South Africa,Africa,2023-03-08,2023,Q1,March,3,5.6,1138,139.74,99,119.24,114,95.7,1041,15679,Military Forces
DIS0202,Drought,Peru,Americas,2023-03-13,2023,Q1,March,3,5.3,957,267.01,79,296.85,120,88.7,2258,9490,UN OCHA
DIS0014,Volcano,United Kingdom,Europe,2023-03-28,2023,Q1,March,3,7.5,1886,171.03,88,250.52,103,92.9,2184,13395,WHO
DIS0037,Hurricane,United Kingdom,Europe,2023-03-30,2023,Q1,March,3,4.7,9686,266.69,102,236.3,112,80.7,1141,174374,WHO
DIS0488,Drought,Iraq,Middle East,2023-04-02,2023,Q2,April,4,6.2,4659,155.12,34,198.34,94,100.0,1503,63027,NGO Coalition
DIS0375,Flood,Syria,Middle East,2023-04-03,2023,Q2,April,4,3.5,2096,176.02,59,95.02,91,89.2,747,16244,FEMA
DIS0454,Cyclone,Jordan,Middle East,2023-04-09,2023,Q2,April,4,3.4,5605,130.43,69,118.43,96,99.5,709,110232,FEMA
DIS0208,Earthquake,Bangladesh,Asia-Pacific,2023-04-17,2023,Q2,April,4,7.1,14246,1041.91,27,531.24,100,100.0,2883,228732,UNICEF
DIS0058,Landslide,United Kingdom,Europe,2023-04-19,2023,Q2,April,4,4.0,1199,58.59,155,83.84,129,90.4,697,20203,Local Emergency Services
DIS0424,Hurricane,Zimbabwe,Africa,2023-04-26,2023,Q2,April,4,2.4,2371,294.91,18,107.41,53,100.0,681,23800,FEMA
DIS0467,Volcano,Norway,Europe,2023-04-30,2023,Q2,April,4,6.7,9773,330.06,96,367.92,86,100.0,2161,172220,Red Cross
DIS0323,Cyclone,Japan,Asia-Pacific,2023-05-01,2023,Q2,May,5,4.1,1830,275.96,129,127.02,105,84.8,2044,26309,Red Cross
DIS0240,Volcano,Sudan,Africa,2023-05-10,2023,Q2,May,5,5.5,1367,447.88,5,465.94,109,100.0,319,6919,UNICEF
DIS0366,Tsunami,Canada,Americas,2023-05-17,2023,Q2,May,5,9.1,37421,1240.32,162,819.78,237,79.3,2348,644108,Red Cross
DIS0129,Tsunami,Peru,Americas,2023-05-20,2023,Q2,May,5,6.6,31254,643.88,148,547.75,130,87.1,2760,603800,WHO
DIS0339,Hurricane,South Africa,Africa,2023-05-24,2023,Q2,May,5,3.2,4000,316.88,159,342.12,90,73.2,543,45803,UN OCHA
DIS0299,Earthquake,Egypt,Africa,2023-05-29,2023,Q2,May,5,5.5,2592,602.88,60,556.12,97,96.6,1600,40207,National Disaster Agency
DIS0413,Cyclone,Nepal,Asia-Pacific,2023-06-08,2023,Q2,June,6,2.2,2059,372.2,118,169.33,57,77.9,302,21370,National Disaster Agency
DIS0210,Hurricane,Afghanistan,Middle East,2023-07-02,2023,Q3,July,7,1.2,530,65.98,124,27.03,62,70.7,130,8349,FEMA
DIS0431,Wildfire,Israel,Middle East,2023-07-02,2023,Q3,July,7,4.6,1457,509.89,94,324.14,112,85.7,1029,7551,FEMA
DIS0448,Earthquake,Spain,Europe,2023-07-07,2023,Q3,July,7,7.7,9459,826.35,23,364.23,122,100.0,3772,152493,WHO
DIS0227,Drought,Germany,Europe,2023-07-07,2023,Q3,July,7,8.3,4631,138.77,115,232.97,142,97.2,2674,29357,Military Forces
DIS0436,Drought,Philippines,Asia-Pacific,2023-07-13,2023,Q3,July,7,9.0,1476,351.48,146,298.5,149,81.7,4395,25496,FEMA
DIS0189,Wildfire,Italy,Europe,2023-07-21,2023,Q3,July,7,4.9,785,356.86,5,405.79,107,100.0,2143,10617,FEMA
DIS0121,Drought,Japan,Asia-Pacific,2023-07-21,2023,Q3,July,7,7.0,4904,170.01,4,250.58,110,100.0,2641,80709,FEMA
DIS0479,Hurricane,Italy,Europe,2023-08-07,2023,Q3,August,8,4.5,7960,1267.02,74,1142.17,75,100.0,2101,101526,Local Emergency Services
DIS0465,Cyclone,Mexico,Americas,2023-08-12,2023,Q3,August,8,4.8,5360,827.77,136,416.7,141,69.9,504,91657,FEMA
DIS0053,Drought,United Kingdom,Europe,2023-08-12,2023,Q3,August,8,6.7,2478,364.96,84,330.43,85,88.2,2368,44375,Red Cross
DIS0127,Volcano,Ethiopia,Africa,2023-08-18,2023,Q3,August,8,7.1,9868,562.71,134,299.08,129,79.3,2033,95781,WHO
DIS0222,Earthquake,Australia,Asia-Pacific,2023-08-19,2023,Q3,August,8,7.3,10975,800.75,160,367.78,208,67.8,3482,82394,UNICEF
DIS0061,Hurricane,Nigeria,Africa,2023-08-20,2023,Q3,August,8,4.9,4041,1315.88,114,508.75,138,69.0,562,72996,WHO
DIS0260,Hurricane,Spain,Europe,2023-08-26,2023,Q3,August,8,3.2,4372,768.62,145,489.77,90,78.4,761,70905,NGO Coalition
DIS0257,Cyclone,Madagascar,Africa,2023-08-28,2023,Q3,August,8,2.4,2790,337.04,143,331.59,90,80.4,668,52500,WHO
DIS0134,Hurricane,Lebanon,Middle East,2023-08-28,2023,Q3,August,8,2.9,1695,384.75,119,305.04,87,73.8,584,15975,UNICEF
DIS0452,Landslide,Portugal,Europe,2023-08-30,2023,Q3,August,8,4.0,1086,111.99,10,171.72,87,100.0,1010,19323,Military Forces
DIS0200,Flood,Thailand,Asia-Pacific,2023-09-02,2023,Q3,September,9,3.7,3868,219.75,17,164.79,86,100.0,619,37616,Local Emergency Services
DIS0091,Cyclone,Thailand,Asia-Pacific,2023-09-08,2023,Q3,September,9,3.2,3473,311.87,148,259.76,75,76.8,377,20588,UN OCHA
DIS0195,Wildfire,Iraq,Middle East,2023-09-16,2023,Q3,September,9,3.0,1225,133.37,122,100.24,101,75.8,1446,6774,Local Emergency Services
DIS0007,Hurricane,France,Europe,2023-09-19,2023,Q3,September,9,3.0,4722,264.63,42,251.67,55,95.5,665,94165,NGO Coalition
DIS0280,Industrial Accident,Peru,Americas,2023-09-22,2023,Q3,September,9,2.5,185,134.79,159,131.29,92,69.6,304,2496,WHO
DIS0309,Tsunami,Turkey,Europe,2023-09-22,2023,Q3,September,9,7.2,27633,836.74,75,567.11,181,99.7,2435,523051,Local Emergency Services
DIS0387,Landslide,Nepal,Asia-Pacific,2023-10-01,2023,Q4,October,10,6.6,1786,153.7,77,135.29,83,100.0,2555,28405,National Disaster Agency
DIS0203,Volcano,Canada,Americas,2023-10-05,2023,Q4,October,10,4.2,2490,84.92,105,137.29,97,96.0,389,16256,WHO
DIS0446,Wildfire,Sudan,Africa,2023-10-08,2023,Q4,October,10,4.1,670,132.68,30,131.35,74,100.0,736,10607,UN OCHA
DIS0124,Cyclone,South Africa,Africa,2023-10-13,2023,Q4,October,10,2.4,4172,130.5,159,132.73,64,74.1,1014,54173,National Disaster Agency
DIS0228,Landslide,Colombia,Americas,2023-10-17,2023,Q4,October,10,6.5,2480,241.68,18,180.89,111,99.7,2815,45111,Red Cross
DIS0283,Wildfire,United Kingdom,Europe,2023-10-17,2023,Q4,October,10,5.0,2350,343.43,125,369.07,71,94.0,1239,19857,NGO Coalition
DIS0321,Flood,Peru,Americas,2023-11-05,2023,Q4,November,11,6.3,2687,416.48,81,467.47,92,100.0,2426,35585,UN OCHA
DIS0145,Hurricane,Haiti,Americas,2023-11-06,2023,Q4,November,11,1.9,1422,359.44,153,329.01,86,79.8,460,17681,FEMA
DIS0282,Flood,China,Asia-Pacific,2023-11-06,2023,Q4,November,11,6.2,2964,362.06,147,196.52,151,70.4,2132,51964,NGO Coalition
DIS0261,Earthquake,United Kingdom,Europe,2023-11-12,2023,Q4,November,11,5.4,6098,587.42,53,320.02,122,100.0,1930,43883,Red Cross
DIS0138,Flood,Argentina,Americas,2023-11-23,2023,Q4,November,11,5.2,4784,435.73,30,181.92,95,99.2,1600,34673,FEMA
DIS0266,Tsunami,Greece,Europe,2023-11-23,2023,Q4,November,11,6.0,8423,1183.51,42,716.36,111,90.9,897,69071,FEMA
DIS0474,Earthquake,Iraq,Middle East,2023-11-24,2023,Q4,November,11,6.7,15934,860.33,128,369.0,161,69.8,2933,266604,National Disaster Agency
DIS0303,Earthquake,Syria,Middle East,2023-11-24,2023,Q4,November,11,8.2,11541,238.38,90,215.77,177,85.6,4013,178581,Military Forces
DIS0103,Flood,Saudi Arabia,Middle East,2023-11-25,2023,Q4,November,11,5.7,6204,322.4,101,359.59,78,90.4,1242,100565,FEMA
DIS0313,Hurricane,South Africa,Africa,2023-11-28,2023,Q4,November,11,4.4,1542,1166.41,85,1026.79,89,100.0,2071,20397,WHO
DIS0330,Drought,Thailand,Asia-Pacific,2023-12-07,2023,Q4,December,12,4.2,784,58.37,57,124.77,58,100.0,1214,6148,NGO Coalition
DIS0238,Volcano,Iraq,Middle East,2023-12-11,2023,Q4,December,12,5.2,1361,153.5,53,130.19,132,100.0,2568,9728,WHO
DIS0425,Cyclone,Portugal,Europe,2023-12-12,2023,Q4,December,12,4.5,4241,517.89,80,245.01,76,87.7,2190,70172,Red Cross
DIS0380,Landslide,Brazil,Americas,2023-12-17,2023,Q4,December,12,4.2,1399,62.32,83,70.21,107,100.0,1945,26651,FEMA
DIS0422,Landslide,Iraq,Middle East,2023-12-19,2023,Q4,December,12,5.7,1457,139.36,96,197.61,153,100.0,2698,8719,Military Forces
DIS0086,Volcano,Brazil,Americas,2023-12-22,2023,Q4,December,12,6.8,5976,161.88,12,167.33,111,100.0,1297,68361,Local Emergency Services
DIS0439,Flood,Turkey,Europe,2023-12-29,2023,Q4,December,12,5.9,6141,149.1,74,139.91,113,93.3,2713,40139,WHO
DIS0182,Flood,Somalia,Africa,2023-12-30,2023,Q4,December,12,5.0,6190,260.52,84,287.34,89,98.1,1523,76013,FEMA
DIS0243,Drought,Australia,Asia-Pacific,2023-12-31,2023,Q4,December,12,7.1,3371,306.0,7,147.37,85,100.0,749,29634,WHO
DIS0102,Cyclone,Nepal,Asia-Pacific,2024-01-05,2024,Q1,January,1,2.0,2154,275.56,76,175.94,54,86.3,474,32235,UN OCHA
DIS0167,Tsunami,Iran,Middle East,2024-01-09,2024,Q1,January,1,7.7,35610,1492.19,92,658.15,160,86.0,2620,523508,FEMA
DIS0445,Hurricane,Haiti,Americas,2024-01-10,2024,Q1,January,1,1.0,1635,280.12,123,156.03,47,77.9,480,12610,FEMA
DIS0191,Industrial Accident,Kenya,Africa,2024-01-12,2024,Q1,January,1,5.1,681,88.94,54,168.9,72,100.0,1600,11201,UN OCHA
DIS0112,Industrial Accident,Greece,Europe,2024-01-30,2024,Q1,January,1,3.5,396,199.46,165,108.98,85,63.4,1726,6684,UNICEF
DIS0378,Tsunami,Egypt,Africa,2024-02-09,2024,Q1,February,2,8.1,11007,1521.77,148,1350.47,120,80.0,1591,71158,Military Forces
DIS0333,Cyclone,Yemen,Middle East,2024-02-13,2024,Q1,February,2,2.6,3771,218.4,117,153.72,64,87.2,1280,52554,NGO Coalition
DIS0406,Cyclone,Greece,Europe,2024-02-14,2024,Q1,February,2,2.4,3713,347.12,153,159.66,50,65.9,938,27924,FEMA
DIS0128,Tsunami,Zimbabwe,Africa,2024-02-16,2024,Q1,February,2,6.6,26548,1069.3,51,1050.42,101,98.6,3126,523895,National Disaster Agency
DIS0275,Earthquake,Argentina,Americas,2024-02-27,2024,Q1,February,2,6.8,10459,740.93,66,314.75,148,90.4,1352,72410,UNICEF
DIS0011,Landslide,Brazil,Americas,2024-03-01,2024,Q1,March,3,3.7,1143,161.56,140,177.41,105,87.4,849,17231,FEMA
DIS0224,Volcano,Zimbabwe,Africa,2024-03-11,2024,Q1,March,3,5.3,3255,518.08,5,481.75,96,100.0,1265,36510,WHO
DIS0496,Tsunami,Egypt,Africa,2024-03-16,2024,Q1,March,3,5.3,24328,1154.49,31,752.35,124,99.3,1928,129232,National Disaster Agency
DIS0113,Tsunami,Nigeria,Africa,2024-03-19,2024,Q1,March,3,7.6,20654,501.25,24,221.74,121,100.0,2017,230538,Local Emergency Services
DIS0346,Earthquake,United Kingdom,Europe,2024-03-23,2024,Q1,March,3,8.8,7256,1206.89,37,487.71,140,100.0,2865,104362,UNICEF
DIS0147,Volcano,Israel,Middle East,2024-04-01,2024,Q2,April,4,6.1,4386,215.28,167,117.19,133,65.8,1775,76496,Red Cross
DIS0308,Industrial Accident,Turkey,Europe,2024-04-02,2024,Q2,April,4,6.7,500,256.17,91,320.1,175,91.1,2071,7368,WHO
DIS0236,Hurricane,Afghanistan,Middle East,2024-04-05,2024,Q2,April,4,1.7,731,399.89,145,328.78,47,81.4,341,4634,FEMA
DIS0331,Hurricane,Argentina,Americas,2024-04-06,2024,Q2,April,4,4.0,3890,966.28,149,538.6,97,76.2,1789,29183,WHO
DIS0417,Flood,Ethiopia,Africa,2024-04-06,2024,Q2,April,4,6.8,6520,586.47,35,372.1,97,100.0,388,98031,WHO
DIS0440,Wildfire,Yemen,Middle East,2024-04-07,2024,Q2,April,4,6.1,3035,638.1,143,548.3,162,77.2,2819,20481,WHO
DIS0171,Tsunami,Syria,Middle East,2024-04-12,2024,Q2,April,4,6.9,18481,1145.07,49,877.99,118,90.4,2251,147106,Local Emergency Services
DIS0024,Tsunami,Mexico,Americas,2024-04-12,2024,Q2,April,4,9.0,21550,2026.37,62,1806.5,219,100.0,4019,115762,FEMA
DIS0432,Landslide,Germany,Europe,2024-04-16,2024,Q2,April,4,3.4,1323,120.04,108,147.09,68,98.8,1654,15025,Local Emergency Services
DIS0119,Industrial Accident,Canada,Americas,2024-04-19,2024,Q2,April,4,2.5,232,73.04,65,47.31,37,100.0,1097,2615,WHO
DIS0307,Drought,Mozambique,Africa,2024-04-21,2024,Q2,April,4,8.3,1009,369.58,17,229.91,115,100.0,774,16314,National Disaster Agency
DIS0165,Flood,Somalia,Africa,2024-04-28,2024,Q2,April,4,4.0,5071,264.51,142,108.92,114,81.2,577,86030,UN OCHA
DIS0050,Drought,Israel,Middle East,2024-05-18,2024,Q2,May,5,7.1,3496,407.39,55,371.01,107,92.2,1121,46426,WHO
DIS0151,Volcano,France,Europe,2024-05-22,2024,Q2,May,5,7.3,6370,292.12,127,385.5,164,89.4,917,107809,WHO
DIS0122,Earthquake,Australia,Asia-Pacific,2024-05-24,2024,Q2,May,5,7.2,8097,246.18,131,222.49,154,88.9,2379,114699,WHO
DIS0177,Flood,Jordan,Middle East,2024-06-03,2024,Q2,June,6,3.6,3884,200.35,12,205.9,59,100.0,868,62298,UNICEF
DIS0136,Cyclone,Germany,Europe,2024-06-04,2024,Q2,June,6,2.0,2574,78.64,32,68.72,30,100.0,930,47148,National Disaster Agency
DIS0233,Volcano,UAE,Middle East,2024-07-22,2024,Q3,July,7,4.4,4045,293.16,154,253.64,92,68.5,346,80193,FEMA
DIS0355,Hurricane,Iraq,Middle East,2024-07-25,2024,Q3,July,7,4.8,7070,711.68,84,460.81,75,91.5,1779,56764,Military Forces
DIS0211,Hurricane,Japan,Asia-Pacific,2024-07-30,2024,Q3,July,7,3.8,1872,994.16,95,937.82,76,100.0,866,12196,National Disaster Agency
DIS0457,Landslide,Italy,Europe,2024-08-05,2024,Q3,August,8,3.1,947,68.62,148,46.84,84,78.8,442,11791,FEMA
DIS0076,Wildfire,China,Asia-Pacific,2024-08-08,2024,Q3,August,8,4.6,581,150.31,109,149.18,118,88.5,1840,7377,UN OCHA
DIS0002,Landslide,Ethiopia,Africa,2024-08-10,2024,Q3,August,8,4.1,1423,138.09,89,102.72,69,95.2,393,15224,FEMA
DIS0221,Volcano,Norway,Europe,2024-08-12,2024,Q3,August,8,4.9,1572,436.64,109,470.15,120,98.9,1507,13416,National Disaster Agency
DIS0374,Cyclone,South Africa,Africa,2024-08-24,2024,Q3,August,8,3.9,5319,477.54,81,277.44,64,94.6,1615,32861,Military Forces
DIS0456,Drought,Chile,Americas,2024-08-24,2024,Q3,August,8,4.4,2605,69.18,45,49.01,72,99.1,1929,35221,Local Emergency Services
DIS0051,Landslide,Australia,Asia-Pacific,2024-08-29,2024,Q3,August,8,4.9,468,166.65,118,90.7,86,75.4,1989,6480,UNICEF
DIS0163,Landslide,France,Europe,2024-08-29,2024,Q3,August,8,5.5,1116,104.09,103,106.9,124,97.0,1090,11183,WHO
DIS0217,Tsunami,Iraq,Middle East,2024-08-30,2024,Q3,August,8,9.4,42514,1186.89,44,913.46,157,92.1,1870,833953,Local Emergency Services
DIS0018,Flood,Indonesia,Asia-Pacific,2024-09-03,2024,Q3,September,9,3.3,3936,79.17,147,65.0,94,79.7,787,54140,NGO Coalition
DIS0314,Cyclone,Syria,Middle East,2024-09-13,2024,Q3,September,9,3.4,5112,323.84,165,267.91,80,70.1,995,87264,Military Forces
DIS0288,Cyclone,Peru,Americas,2024-09-22,2024,Q3,September,9,2.1,3391,300.0,25,201.56,29,100.0,887,62579,Local Emergency Services
DIS0148,Cyclone,United Kingdom,Europe,2024-10-05,2024,Q4,October,10,2.1,1148,131.36,55,142.45,41,100.0,119,21877,UN OCHA
DIS0360,Cyclone,United States,Americas,2024-10-07,2024,Q4,October,10,2.9,4669,134.37,47,76.33,49,100.0,1058,63424,NGO Coalition
DIS0491,Flood,Brazil,Americas,2024-10-10,2024,Q4,October,10,4.3,4174,236.84,3,173.35,46,100.0,1105,46232,Military Forces
DIS0384,Landslide,Colombia,Americas,2024-10-11,2024,Q4,October,10,6.7,2044,178.24,143,247.31,131,80.5,1615,10447,Military Forces
DIS0329,Wildfire,China,Asia-Pacific,2024-10-17,2024,Q4,October,10,6.6,547,564.79,22,404.72,125,100.0,2538,10040,FEMA
DIS0278,Hurricane,Iraq,Middle East,2024-10-20,2024,Q4,October,10,1.3,997,354.67,52,174.32,42,86.5,109,5263,NGO Coalition
DIS0173,Volcano,Poland,Europe,2024-11-08,2024,Q4,November,11,5.6,2112,512.3,160,251.92,145,75.3,2595,29256,WHO
DIS0381,Earthquake,Thailand,Asia-Pacific,2024-11-09,2024,Q4,November,11,8.9,10614,1170.91,17,703.5,156,96.0,3261,183742,FEMA
DIS0473,Industrial Accident,Japan,Asia-Pacific,2024-11-11,2024,Q4,November,11,5.1,1543,126.95,45,75.52,102,100.0,597,29888,WHO
DIS0409,Landslide,Syria,Middle East,2024-11-11,2024,Q4,November,11,6.8,1921,139.7,3,174.97,87,100.0,3328,27439,NGO Coalition
DIS0033,Landslide,Saudi Arabia,Middle East,2024-11-14,2024,Q4,November,11,6.3,2474,243.47,142,209.69,102,86.3,1590,40268,National Disaster Agency
DIS0082,Cyclone,Zimbabwe,Africa,2024-11-18,2024,Q4,November,11,4.0,4442,137.37,71,156.86,70,97.0,210,80168,Local Emergency Services
DIS0398,Wildfire,Israel,Middle East,2024-11-19,2024,Q4,November,11,6.2,3026,188.04,20,106.79,124,100.0,362,37720,Red Cross
DIS0487,Tsunami,Australia,Asia-Pacific,2024-11-19,2024,Q4,November,11,5.8,19570,278.91,89,349.09,130,100.0,2152,371047,NGO Coalition
DIS0137,Tsunami,Bangladesh,Asia-Pacific,2024-11-22,2024,Q4,November,11,6.0,29263,423.82,157,285.06,154,81.0,2344,498346,UNICEF
DIS0077,Wildfire,Zimbabwe,Africa,2024-11-24,2024,Q4,November,11,3.2,1727,160.52,166,197.22,61,78.5,738,26408,Military Forces
DIS0411,Tsunami,Mozambique,Africa,2024-12-01,2024,Q4,December,12,8.6,33802,523.6,15,594.68,111,100.0,2307,227858,UNICEF
DIS0251,Industrial Accident,Norway,Europe,2024-12-07,2024,Q4,December,12,2.5,592,106.55,166,83.12,98,73.3,1236,3444,WHO
DIS0071,Earthquake,Peru,Americas,2024-12-12,2024,Q4,December,12,8.5,13174,900.63,164,850.42,230,71.2,1986,93491,Red Cross
DIS0318,Drought,Lebanon,Middle East,2024-12-25,2024,Q4,December,12,6.5,2015,81.13,138,66.14,186,75.0,690,23326,Red Cross
